time,stress_xx
0,0
0.5,0.91606258377324
1.5,2.956420618385
2.5,5.3075860526017
3.5,7.8822039641061
4.5,10.60992591738
